<?xml version="1.0" encoding="UTF-8"?>
<project xmlns="http://maven.apache.org/POM/4.0.0" xmlns:xsi="http://www.w3.org/2001/XMLSchema-instance" xsi:schemaLocation="http://maven.apache.org/POM/4.0.0 http://maven.apache.org/maven-v4_0_0.xsd">
  <modelVersion>4.0.0</modelVersion>
  <groupId>org.example</groupId>
  <artifactId>Lab1</artifactId>
  <name>Exercise4_Maven</name>
  <version>1</version>
  <url>http://maven.apache.org</url>
  <build>
    <pluginManagement />
    <plugins>
      <plugin>
        <artifactId>maven-shade-plugin</artifactId>
        <executions>
          <execution>
            <phase>package</phase>
            <goals>
              <goal>shade</goal>
            </goals>
          </execution>
        </executions>
        <configuration>
          <finalName>Program-${artifactId}-${version}</finalName>
          <transformers>
            <transformer>
              <manifestEntries>
                <Main-Class>org.example.Program</Main-Class>
                <Specification-Title>${project.artifactId}</Specification-Title>
                <Specification-Version>${project.version}</Specification-Version>
                <Implementation-Title>${project.artifactId}</Implementation-Title>
                <Implementation-Version>${project.version}</Implementation-Version>
                <Implementation-Vendor-Id>${project.groupId}</Implementation-Vendor-Id>
              </manifestEntries>
            </transformer>
          </transformers>
        </configuration>
      </plugin>
    </plugins>
  </build>
  <dependencies>
    <dependency>
      <groupId>junit</groupId>
      <artifactId>junit</artifactId>
      <version>3.8.1</version>
      <scope>test</scope>
    </dependency>
  </dependencies>
  <properties>
    <project.build.sourceEncoding>UTF-8</project.build.sourceEncoding>
  </properties>
</project>
